season,year,days,N,CV_reported,CV_Vc,CV_HC,CV_CL,r_HC,r_CL,r_CL_HC,N_lo95_reported,N_hi95_reported,N_lo95_HC,N_hi95_HC,HC_share_tail,CL_top_day,CL_top_day_share,CL_top3_share
Spring,2006,2,3620,0.234,0.238,0.332,0.361,1.42,1.54,1.09,2301,5693,1922,6817,0.945,20071105,0.379,0.57
Fall,2006,1,3621,0.248,0.251,0.417,0.392,1.68,1.58,0.94,2245,5839,1652,7936,0.952,201704Hidro,0.216,0.452
Winter,2006,2,1367,0.271,0.276,0.397,0.359,1.47,1.33,0.9,812,2302,646,2894,0.925,20150904,0.147,0.36
Spring,2007,3,3882,0.22,0.225,0.307,0.338,1.39,1.53,1.1,2534,5949,2156,6991,0.94,20071105,0.368,0.566
Summer,2007,1,3548,0.248,0.252,0.327,0.315,1.32,1.27,0.96,2197,5728,1899,6626,0.918,20071105,0.119,0.308
Fall,2007,2,3883,0.233,0.237,0.39,0.378,1.67,1.62,0.97,2474,6096,1857,8122,0.952,201704Hidro,0.272,0.489
Winter,2007,5,1466,0.257,0.263,0.381,0.341,1.48,1.32,0.89,893,2408,712,3018,0.927,20150904,0.172,0.37
Spring,2008,1,4164,0.208,0.212,0.285,0.316,1.37,1.52,1.11,2783,6232,2410,7196,0.933,20071105,0.351,0.554
Summer,2008,2,3805,0.235,0.239,0.304,0.291,1.29,1.24,0.96,2416,5993,2124,6816,0.913,201707Hidro,0.128,0.306
Fall,2008,3,4165,0.22,0.224,0.365,0.366,1.66,1.66,1,2719,6380,2083,8328,0.951,201704Hidro,0.334,0.529
Winter,2008,3,1573,0.245,0.251,0.368,0.325,1.5,1.33,0.88,979,2526,782,3163,0.929,20150904,0.199,0.38
Spring,2009,1,4466,0.197,0.201,0.265,0.297,1.34,1.51,1.12,3046,6549,2680,7442,0.925,20071105,0.326,0.532
Summer,2009,2,4081,0.223,0.227,0.284,0.27,1.27,1.21,0.95,2650,6286,2366,7040,0.908,201707Hidro,0.144,0.307
Winter,2009,3,1687,0.235,0.241,0.358,0.313,1.52,1.33,0.87,1071,2657,854,3331,0.932,20150904,0.227,0.434
Summer,2010,1,4377,0.213,0.217,0.266,0.252,1.25,1.18,0.94,2897,6614,2621,7311,0.902,201707Hidro,0.16,0.341
Fall,2010,1,4791,0.199,0.203,0.32,0.354,1.61,1.78,1.11,3256,7050,2600,8829,0.948,201704Hidro,0.467,0.625
Winter,2010,2,1809,0.226,0.232,0.351,0.305,1.55,1.35,0.87,1168,2803,928,3527,0.935,20150904,0.252,0.488
Summer,2013,1,5401,0.195,0.199,0.238,0.224,1.22,1.15,0.94,3700,7884,3407,8560,0.89,201707Hidro,0.182,0.43
Spring,2014,2,6340,0.179,0.183,0.23,0.26,1.29,1.45,1.14,4479,8973,4065,9888,0.875,20151129,0.175,0.369
Fall,2014,1,6341,0.183,0.187,0.263,0.37,1.44,2.02,1.42,4440,9056,3816,10536,0.936,201704Hidro,0.661,0.767
Winter,2014,2,2394,0.212,0.217,0.357,0.313,1.69,1.48,0.87,1588,3609,1214,4720,0.951,20150904,0.29,0.596
Spring,2015,4,6800,0.183,0.187,0.238,0.266,1.3,1.45,1.12,4765,9703,4294,10769,0.872,20151129,0.188,0.364
Fall,2015,2,6801,0.186,0.189,0.259,0.382,1.4,2.05,1.49,4739,9761,4124,11217,0.933,201704Hidro,0.681,0.783
Winter,2015,6,2568,0.214,0.219,0.367,0.324,1.72,1.52,0.88,1697,3886,1280,5154,0.955,20150904,0.281,0.587
Spring,2016,3,7294,0.19,0.194,0.251,0.277,1.32,1.46,1.11,5046,10543,4496,11831,0.873,20151129,0.194,0.37
Summer,2016,5,6664,0.198,0.202,0.254,0.244,1.28,1.23,0.96,4535,9794,4082,10880,0.897,201707Hidro,0.133,0.383
Fall,2016,4,7295,0.191,0.194,0.26,0.397,1.36,2.08,1.54,5033,10573,4418,12046,0.93,201704Hidro,0.69,0.786
Winter,2016,5,2754,0.218,0.223,0.38,0.339,1.74,1.56,0.89,1806,4202,1342,5655,0.958,20150904,0.267,0.568
Spring,2017,3,7823,0.199,0.203,0.267,0.291,1.35,1.47,1.09,5320,11505,4674,13093,0.877,20151129,0.193,0.389
Summer,2017,3,7148,0.204,0.208,0.268,0.26,1.31,1.27,0.97,4808,10627,4263,11985,0.902,201704Hidro,0.149,0.382
Fall,2017,3,7825,0.199,0.202,0.265,0.414,1.34,2.09,1.58,5322,11504,4692,13049,0.928,201704Hidro,0.69,0.781
Winter,2017,2,2955,0.224,0.23,0.395,0.357,1.76,1.59,0.9,1913,4562,1400,6235,0.96,20150904,0.251,0.564
Summer,2018,1,7668,0.213,0.217,0.286,0.28,1.35,1.32,0.98,5078,11578,4424,13289,0.908,201704Hidro,0.169,0.385
